﻿studentId,name,classname,phone,position,gender,department,is_admin,qq,note,politicalLandscape,resident,join_at
学籍号,姓名,班级校内全称,手机号,部门职务,性别,系部,是否管理员，1是，0否,qq号,备注信息 可为空,政治面貌,是否住宿，是1，否0,入部时间
,,,,,,,,,,,,
22299990,管理员1,24测试01,18019201200,部长,男,信息技术系,1,10000000,测试用例1，备注,中国共产主义青年团团员,1,2023-03-01
22299991,测试1,24测试02,18019201201,副部长,女,材料与检测系,0,10000001,测试用例2，备注,群众,0,2023-03-01
22299992,测试2,24测试03,18019201202,部门负责人,男,商务管理系,0,10000002,测试用例3，备注,群众,1,2023-03-01
22299993,测试3,24测试04,18019201203,汇总负责人,女,公共基础部,0,10000003,测试用例4，备注,群众,0,2023-03-01
22299994,测试4,24测试05,18019201204,普通部员,男,智能制造系,0,10000004,测试用例5，备注,群众,0,2023-03-01
22299995,测试5,24测试06,18019201205,实习汇总负责人,女,信息技术系,0,10000005,测试用例6，备注,群众,0,2023-03-01
22299996,测试6,24测试07,18019201206,实习部员,男,信息技术系,0,10000006,测试用例7，备注,群众,0,2023-03-01
22299997,测试7,24测试08,18019201207,普通部员,女,信息技术系,0,10000007,测试用例8，备注,其它,0,2023-03-01
10009991,测试8,软件教研组,18019201208,其他人员,女,校团委,1,10000008,测试用例9，备注,中国共产党正式党员,0,2023-03-01
10009992,测试9,学生发展中心,18019201100,其他人员,女,其它,1,10000009,测试用例10，备注,中国共产党预备党员,0,2023-03-01
,,,,,,,,,,,,
请勿上传,请勿上传,请勿上传,请勿上传,请勿上传,请勿上传,请勿上传,请勿上传,请勿上传,请勿上传,请勿上传,请勿上传,请勿上传
以下错误示范,以下错误示范,以下错误示范,以下错误示范,以下错误示范,以下错误示范,以下错误示范,以下错误示范,以下错误示范,以下错误示范,以下错误示范,以下错误示范,以下错误示范
,,,,,,,,,,,,
中文工号,（空值）,（空值）,（空值）,出现正确用例以外的职务,仅男、女,出现正确样例中以外的部门,仅限1、0,中文QQ号,无错误示范,出现正确样例中以外的政治面貌,仅限1、0,45679
中文工号,（空值）,（空值）,（空值）,群管,男的,学生发展中心,-1,中文QQ号,无错误示范,团员,,2023-03-01
中文工号,（空值）,（空值）,（空值）,组长,女的,教师发展中心,2,中文QQ号,无错误示范,党员,,2023-03-01
中文工号,（空值）,（空值）,（空值）,部员,Male,党委办公室,100,中文QQ号,无错误示范,中国国民党革命委员会党员,,Sep-23
中文工号,（空值）,（空值）,（空值）,群主,Female,教学运行中心,1000,中文QQ号,无错误示范,中国民主同盟盟员,,20230901
中文工号,（空值）,（空值）,（空值）,负责人,M,（空值）,-999,中文QQ号,无错误示范,中国民主促进会会员,-1,22-Jan
中文工号,（空值）,（空值）,（空值）,临时人士,F,（空值）,是,中文QQ号,无错误示范,中国民主同盟,走读,202309
中文工号,（空值）,（空值）,（空值）,老师,公,（空值）,否,中文QQ号,无错误示范,九三学社社员,住宿,2023年09月01日
中文工号,（空值）,（空值）,（空值）,同学,母,（空值）,不是,中文QQ号,无错误示范,中国农工民主党党员,不是,19999-12-31
中文工号,（空值）,（空值）,（空值）,学生,雌性,（空值）,是的,中文QQ号,无错误示范,中国致公党党员,是的,（空值）
中文工号,（空值）,（空值）,（空值）,外来人员,雄性,（空值）,yes,中文QQ号,无错误示范,台湾民主自治同盟盟员,yes,不知道
中文工号,（空值）,（空值）,（空值）,综合部部员,公的,（空值）,TRUE,中文QQ号,无错误示范,民革,TRUE,未知
中文工号,（空值）,（空值）,（空值）,校风监察部部长,母的,（空值）,FALSE,中文QQ号,无错误示范,民盟,FALSE,2023-03-01 13:11
中文工号,（空值）,（空值）,（空值）,（空值）,（空值）,（空值）,no,中文QQ号,无错误示范,台盟,no,1888900991
