﻿schedule_name,schedule_start_time,schedule_type
,,
值班名称,值班开始时间,计划类型
,,
日常值班（放学）,2025-05-05 16:45:00,放学
午间开会,2025-05-05 11:45:01,午间
活动111,2025-05-05 06:45:02,早间
活动222,2025-05-05 18:45:03,晚间
活动333,2025-05-05 13:45:03,其它
,,
请勿上传,请勿上传,请勿上传
以下错误示范,以下错误示范,以下错误示范
,,
（空值）,（空值）,（空值）
（值班名称、值班开始时间、计划类型同时重复出现）,（值班名称、值班开始时间、计划类型同时重复出现）,（值班名称、值班开始时间、计划类型同时重复出现）
午间111,2025-05-05 06:45:02,中午
午间111,2025-05-05 06:45:02,中午
（空值）,2025-05-05 06:45,晚上
（空值）,2025/05/05 06:45,放学后
（空值）,2025/05/05 06:45:01,半夜
（空值）,2025.05.05 6:45:3,早上
（空值）,2025-5-5 1:11,乱写一通
（空值）,20250505011111,清晨
